Workbook

Sheet RESUMEN
A1: Provincia | B1: Menstruan
A2: Buenos Aires | B2: ='06-BUENOS AIRES'!E2 -> 4638091
A3: CABA | B3: ='02-CABA'!E2 -> 799939
A4: Catamarca | B4: ='10-CATAMARCA'!E2 -> 126226
A5: Chaco | B5: ='22-CHACO'!E2 -> 342975
A6: Chubut | B6: ='26-CHUBUT'!E2 -> 168388
A7: Córdoba | B7: ='14-CÓRDOBA'!E2 -> 1084638
A8: Corrientes | B8: ='18-CORRIENTES'!E2 -> 345261
A9: Entre Ríos | B9: ='30-ENTRE RÍOS'!E2 -> 404760
A10: Formosa | B10: ='34-FORMOSA'!E2 -> 182300
A11: Jujuy | B11: ='38-JUJUY'!E2 -> 235653
A12: La Pampa | B12: ='42-LA PAMPA'!E2 -> 101689
A13: La Rioja | B13: ='46-LA RIOJA'!E2 -> 118464
A14: Mendoza | B14: ='50-MENDOZA'!E2 -> 566872
A15: Misiones | B15: ='54-MISIONES'!E2 -> 387989
A16: Neuquén | B16: ='58-NEUQUÉN'!E2 -> 201050
A17: Río Negro | B17: ='62-RÍO NEGRO'!E2 -> 221750
A18: Salta | B18: ='66-SALTA'!E2 -> 433326
A19: San Juan | B19: ='70-SAN JUAN'!E2 -> 237431
A20: San Luis | B20: ='74-SAN LUIS'!E2 -> 153043
A21: Santa Cruz | B21: ='78-SANTA CRUZ'!E2 -> 95899
A22: Santa Fe | B22: ='82-SANTA FE'!E2 -> 1003813
A23: Santiago del Estero | B23: ='86-SANTIAGO DEL ESTERO'!E2 -> 308565
A24: Tierra del Fuego | B24: ='94-TIERRA DEL FUEGO'!E2 -> 54755
A25: Tucumán | B25: ='90-TUCUMÁN'!E2 -> 513035

Sheet 01-TOTAL DEL PAÍS
A1: Edad | B1: Mujeres | C1: Año | E1: MENSTRUAN
A2: Total | B2: 23463128 | C2: 2022 | E2: {=ROUND(SUMIFS($B:$B,$C:$C,2026,$A:$A,"10-14")/5*2,0)+SUM(SUMIFS($B:$B,$C:$C,2026,$A:$A,{"15-19";"20-24";"25-29";"30-34";"35-39";"40-44";"45-49"}))} -> 12725912
A3: 0-4 | B3: 1438246 | C3: 2022
A4: 5-9 | B4: 1816428 | C4: 2022
A5: 10-14 | B5: 1817908 | C5: 2022
A6: 15-19 | B6: 1774747 | C6: 2022
A7: 20-24 | B7: 1769875 | C7: 2022
A8: 25-29 | B8: 1762851 | C8: 2022
A9: 30-34 | B9: 1728828 | C9: 2022
A10: 35-39 | B10: 1615658 | C10: 2022
A11: 40-44 | B11: 1630034 | C11: 2022
A12: 45-49 | B12: 1465536 | C12: 2022
A13: 50-54 | B13: 1235802 | C13: 2022
A14: 55-59 | B14: 1120913 | C14: 2022
... A419: 100 y más | B419: 18002 | C419: 2040

Sheet 02-CABA
A1: Edad | B1: Mujeres | C1: Año | E1: MENSTRUAN
A2: Total | B2: 1680354 | C2: 2022 | E2: {=ROUND(SUMIFS($B:$B,$C:$C,2026,$A:$A,"10-14")/5*2,0)+SUM(SUMIFS($B:$B,$C:$C,2026,$A:$A,{"15-19";"20-24";"25-29";"30-34";"35-39";"40-44";"45-49"}))} -> 799939
A3: 0-4 | B3: 72804 | C3: 2022
A4: 5-9 | B4: 96389 | C4: 2022
A5: 10-14 | B5: 96818 | C5: 2022
A6: 15-19 | B6: 95087 | C6: 2022
A7: 20-24 | B7: 108946 | C7: 2022
A8: 25-29 | B8: 124965 | C8: 2022
A9: 30-34 | B9: 118949 | C9: 2022
A10: 35-39 | B10: 114488 | C10: 2022
A11: 40-44 | B11: 105137 | C11: 2022
A12: 45-49 | B12: 101594 | C12: 2022
A13: 50-54 | B13: 95313 | C13: 2022
A14: 55-59 | B14: 91691 | C14: 2022
... A419: 100 y más | B419: 4117 | C419: 2040

Sheet 06-BUENOS AIRES
A1: Edad | B1: Mujeres | C1: Año | E1: MENSTRUAN
A2: Total | B2: 8826609 | C2: 2022 | E2: {=ROUND(SUMIFS($B:$B,$C:$C,2026,$A:$A,"10-14")/5*2,0)+SUM(SUMIFS($B:$B,$C:$C,2026,$A:$A,{"15-19";"20-24";"25-29";"30-34";"35-39";"40-44";"45-49"}))} -> 4638091
A3: 0-4 | B3: 520210 | C3: 2022
A4: 5-9 | B4: 681053 | C4: 2022
A5: 10-14 | B5: 691201 | C5: 2022
A6: 15-19 | B6: 660568 | C6: 2022
A7: 20-24 | B7: 633017 | C7: 2022
A8: 25-29 | B8: 596263 | C8: 2022
A9: 30-34 | B9: 604136 | C9: 2022
A10: 35-39 | B10: 592590 | C10: 2022
A11: 40-44 | B11: 620522 | C11: 2022
A12: 45-49 | B12: 579114 | C12: 2022
A13: 50-54 | B13: 495668 | C13: 2022
A14: 55-59 | B14: 439600 | C14: 2022
... A419: 100 y más | B419: 5982 | C419: 2040

Sheet 10-CATAMARCA
A1: Edad | B1: Mujeres | C1: Año | E1: MENSTRUAN
A2: Total | B2: 217174 | C2: 2022 | E2: {=ROUND(SUMIFS($B:$B,$C:$C,2026,$A:$A,"10-14")/5*2,0)+SUM(SUMIFS($B:$B,$C:$C,2026,$A:$A,{"15-19";"20-24";"25-29";"30-34";"35-39";"40-44";"45-49"}))} -> 126226
A3: 0-4 | B3: 13692 | C3: 2022
A4: 5-9 | B4: 16887 | C4: 2022
A5: 10-14 | B5: 16939 | C5: 2022
A6: 15-19 | B6: 17476 | C6: 2022
A7: 20-24 | B7: 19093 | C7: 2022
A8: 25-29 | B8: 18393 | C8: 2022
A9: 30-34 | B9: 17206 | C9: 2022
A10: 35-39 | B10: 15664 | C10: 2022
A11: 40-44 | B11: 15714 | C11: 2022
A12: 45-49 | B12: 13671 | C12: 2022
A13: 50-54 | B13: 10943 | C13: 2022
A14: 55-59 | B14: 9327 | C14: 2022
... A419: 100 y más | B419: 150 | C419: 2040

Sheet 14-CÓRDOBA
A1: Edad | B1: Mujeres | C1: Año | E1: MENSTRUAN
A2: Total | B2: 1995409 | C2: 2022 | E2: {=ROUND(SUMIFS($B:$B,$C:$C,2026,$A:$A,"10-14")/5*2,0)+SUM(SUMIFS($B:$B,$C:$C,2026,$A:$A,{"15-19";"20-24";"25-29";"30-34";"35-39";"40-44";"45-49"}))} -> 1084638
A3: 0-4 | B3: 117842 | C3: 2022
A4: 5-9 | B4: 142550 | C4: 2022
A5: 10-14 | B5: 145003 | C5: 2022
A6: 15-19 | B6: 149594 | C6: 2022
A7: 20-24 | B7: 151815 | C7: 2022
A8: 25-29 | B8: 154325 | C8: 2022
A9: 30-34 | B9: 147070 | C9: 2022
A10: 35-39 | B10: 135132 | C10: 2022
A11: 40-44 | B11: 141330 | C11: 2022
A12: 45-49 | B12: 125105 | C12: 2022
A13: 50-54 | B13: 103674 | C13: 2022
A14: 55-59 | B14: 96535 | C14: 2022
... A419: 100 y más | B419: 1269 | C419: 2040

Sheet 18-CORRIENTES
A1: Edad | B1: Mujeres | C1: Año | E1: MENSTRUAN
A2: Total | B2: 598435 | C2: 2022 | E2: {=ROUND(SUMIFS($B:$B,$C:$C,2026,$A:$A,"10-14")/5*2,0)+SUM(SUMIFS($B:$B,$C:$C,2026,$A:$A,{"15-19";"20-24";"25-29";"30-34";"35-39";"40-44";"45-49"}))} -> 345261
A3: 0-4 | B3: 42611 | C3: 2022
A4: 5-9 | B4: 48777 | C4: 2022
A5: 10-14 | B5: 48506 | C5: 2022
A6: 15-19 | B6: 50292 | C6: 2022
A7: 20-24 | B7: 51416 | C7: 2022
A8: 25-29 | B8: 51563 | C8: 2022
A9: 30-34 | B9: 48201 | C9: 2022
A10: 35-39 | B10: 41953 | C10: 2022
A11: 40-44 | B11: 39354 | C11: 2022
A12: 45-49 | B12: 33766 | C12: 2022
A13: 50-54 | B13: 27887 | C13: 2022
A14: 55-59 | B14: 26392 | C14: 2022
... A419: 100 y más | B419: 333 | C419: 2040

Sheet 22-CHACO
A1: Edad | B1: Mujeres | C1: Año | E1: MENSTRUAN
A2: Total | B2: 602289 | C2: 2022 | E2: {=ROUND(SUMIFS($B:$B,$C:$C,2026,$A:$A,"10-14")/5*2,0)+SUM(SUMIFS($B:$B,$C:$C,2026,$A:$A,{"15-19";"20-24";"25-29";"30-34";"35-39";"40-44";"45-49"}))} -> 342975
A3: 0-4 | B3: 49882 | C3: 2022
A4: 5-9 | B4: 56343 | C4: 2022
A5: 10-14 | B5: 52354 | C5: 2022
A6: 15-19 | B6: 51818 | C6: 2022
A7: 20-24 | B7: 51844 | C7: 2022
A8: 25-29 | B8: 48889 | C8: 2022
A9: 30-34 | B9: 45363 | C9: 2022
A10: 35-39 | B10: 39522 | C10: 2022
A11: 40-44 | B11: 39751 | C11: 2022
A12: 45-49 | B12: 32888 | C12: 2022
A13: 50-54 | B13: 27944 | C13: 2022
A14: 55-59 | B14: 26287 | C14: 2022
... A419: 100 y más | B419: 206 | C419: 2040

Sheet 26-CHUBUT
A1: Edad | B1: Mujeres | C1: Año | E1: MENSTRUAN
A2: Total | B2: 297999 | C2: 2022 | E2: {=ROUND(SUMIFS($B:$B,$C:$C,2026,$A:$A,"10-14")/5*2,0)+SUM(SUMIFS($B:$B,$C:$C,2026,$A:$A,{"15-19";"20-24";"25-29";"30-34";"35-39";"40-44";"45-49"}))} -> 168388
A3: 0-4 | B3: 18228 | C3: 2022
A4: 5-9 | B4: 24066 | C4: 2022
A5: 10-14 | B5: 25155 | C5: 2022
A6: 15-19 | B6: 21728 | C6: 2022
A7: 20-24 | B7: 21288 | C7: 2022
A8: 25-29 | B8: 22856 | C8: 2022
A9: 30-34 | B9: 23872 | C9: 2022
A10: 35-39 | B10: 23120 | C10: 2022
A11: 40-44 | B11: 22113 | C11: 2022
A12: 45-49 | B12: 18923 | C12: 2022
A13: 50-54 | B13: 15544 | C13: 2022
A14: 55-59 | B14: 14280 | C14: 2022
... A419: 100 y más | B419: 191 | C419: 2040

Sheet 30-ENTRE RÍOS
A1: Edad | B1: Mujeres | C1: Año | E1: MENSTRUAN
A2: Total | B2: 735426 | C2: 2022 | E2: {=ROUND(SUMIFS($B:$B,$C:$C,2026,$A:$A,"10-14")/5*2,0)+SUM(SUMIFS($B:$B,$C:$C,2026,$A:$A,{"15-19";"20-24";"25-29";"30-34";"35-39";"40-44";"45-49"}))} -> 404760
A3: 0-4 | B3: 44814 | C3: 2022
A4: 5-9 | B4: 56138 | C4: 2022
A5: 10-14 | B5: 54723 | C5: 2022
A6: 15-19 | B6: 55458 | C6: 2022
A7: 20-24 | B7: 57227 | C7: 2022
A8: 25-29 | B8: 57586 | C8: 2022
A9: 30-34 | B9: 56166 | C9: 2022
A10: 35-39 | B10: 52068 | C10: 2022
A11: 40-44 | B11: 51226 | C11: 2022
A12: 45-49 | B12: 45175 | C12: 2022
A13: 50-54 | B13: 37736 | C13: 2022
A14: 55-59 | B14: 34765 | C14: 2022
... A419: 100 y más | B419: 630 | C419: 2040

Sheet 34-FORMOSA
A1: Edad | B1: Mujeres | C1: Año | E1: MENSTRUAN
A2: Total | B2: 317831 | C2: 2022 | E2: {=ROUND(SUMIFS($B:$B,$C:$C,2026,$A:$A,"10-14")/5*2,0)+SUM(SUMIFS($B:$B,$C:$C,2026,$A:$A,{"15-19";"20-24";"25-29";"30-34";"35-39";"40-44";"45-49"}))} -> 182300
A3: 0-4 | B3: 24163 | C3: 2022
A4: 5-9 | B4: 28861 | C4: 2022
A5: 10-14 | B5: 28224 | C5: 2022
A6: 15-19 | B6: 29149 | C6: 2022
A7: 20-24 | B7: 28396 | C7: 2022
A8: 25-29 | B8: 28017 | C8: 2022
A9: 30-34 | B9: 24210 | C9: 2022
A10: 35-39 | B10: 19211 | C10: 2022
A11: 40-44 | B11: 19396 | C11: 2022
A12: 45-49 | B12: 17053 | C12: 2022
A13: 50-54 | B13: 15023 | C13: 2022
A14: 55-59 | B14: 13910 | C14: 2022
... A419: 100 y más | B419: 127 | C419: 2040

Sheet 38-JUJUY
A1: Edad | B1: Mujeres | C1: Año | E1: MENSTRUAN
A2: Total | B2: 401848 | C2: 2022 | E2: {=ROUND(SUMIFS($B:$B,$C:$C,2026,$A:$A,"10-14")/5*2,0)+SUM(SUMIFS($B:$B,$C:$C,2026,$A:$A,{"15-19";"20-24";"25-29";"30-34";"35-39";"40-44";"45-49"}))} -> 235653
A3: 0-4 | B3: 24232 | C3: 2022
A4: 5-9 | B4: 32338 | C4: 2022
A5: 10-14 | B5: 33651 | C5: 2022
A6: 15-19 | B6: 35633 | C6: 2022
A7: 20-24 | B7: 33755 | C7: 2022
A8: 25-29 | B8: 32051 | C8: 2022
A9: 30-34 | B9: 30833 | C9: 2022
A10: 35-39 | B10: 29665 | C10: 2022
A11: 40-44 | B11: 30246 | C11: 2022
A12: 45-49 | B12: 26168 | C12: 2022
A13: 50-54 | B13: 20120 | C13: 2022
A14: 55-59 | B14: 17417 | C14: 2022
... A419: 100 y más | B419: 184 | C419: 2040

Sheet 42-LA PAMPA
A1: Edad | B1: Mujeres | C1: Año | E1: MENSTRUAN
A2: Total | B2: 187942 | C2: 2022 | E2: {=ROUND(SUMIFS($B:$B,$C:$C,2026,$A:$A,"10-14")/5*2,0)+SUM(SUMIFS($B:$B,$C:$C,2026,$A:$A,{"15-19";"20-24";"25-29";"30-34";"35-39";"40-44";"45-49"}))} -> 101689
A3: 0-4 | B3: 10054 | C3: 2022
A4: 5-9 | B4: 13234 | C4: 2022
A5: 10-14 | B5: 13710 | C5: 2022
A6: 15-19 | B6: 12766 | C6: 2022
A7: 20-24 | B7: 12884 | C7: 2022
A8: 25-29 | B8: 14274 | C8: 2022
A9: 30-34 | B9: 14916 | C9: 2022
A10: 35-39 | B10: 14248 | C10: 2022
A11: 40-44 | B11: 13507 | C11: 2022
A12: 45-49 | B12: 11903 | C12: 2022
A13: 50-54 | B13: 10219 | C13: 2022
A14: 55-59 | B14: 9735 | C14: 2022
... A419: 100 y más | B419: 244 | C419: 2040

Sheet 46-LA RIOJA
A1: Edad | B1: Mujeres | C1: Año | E1: MENSTRUAN
A2: Total | B2: 199902 | C2: 2022 | E2: {=ROUND(SUMIFS($B:$B,$C:$C,2026,$A:$A,"10-14")/5*2,0)+SUM(SUMIFS($B:$B,$C:$C,2026,$A:$A,{"15-19";"20-24";"25-29";"30-34";"35-39";"40-44";"45-49"}))} -> 118464
A3: 0-4 | B3: 12165 | C3: 2022
A4: 5-9 | B4: 15154 | C4: 2022
A5: 10-14 | B5: 15321 | C5: 2022
A6: 15-19 | B6: 16665 | C6: 2022
A7: 20-24 | B7: 17142 | C7: 2022
A8: 25-29 | B8: 18228 | C8: 2022
A9: 30-34 | B9: 16941 | C9: 2022
A10: 35-39 | B10: 14079 | C10: 2022
A11: 40-44 | B11: 14585 | C11: 2022
A12: 45-49 | B12: 12641 | C12: 2022
A13: 50-54 | B13: 9955 | C13: 2022
A14: 55-59 | B14: 8974 | C14: 2022
... A419: 100 y más | B419: 112 | C419: 2040

Sheet 50-MENDOZA
A1: Edad | B1: Mujeres | C1: Año | E1: MENSTRUAN
A2: Total | B2: 1034135 | C2: 2022 | E2: {=ROUND(SUMIFS($B:$B,$C:$C,2026,$A:$A,"10-14")/5*2,0)+SUM(SUMIFS($B:$B,$C:$C,2026,$A:$A,{"15-19";"20-24";"25-29";"30-34";"35-39";"40-44";"45-49"}))} -> 566872
A3: 0-4 | B3: 63649 | C3: 2022
A4: 5-9 | B4: 84183 | C4: 2022
A5: 10-14 | B5: 84188 | C5: 2022
A6: 15-19 | B6: 76769 | C6: 2022
A7: 20-24 | B7: 77157 | C7: 2022
A8: 25-29 | B8: 79588 | C8: 2022
A9: 30-34 | B9: 78266 | C9: 2022
A10: 35-39 | B10: 71757 | C10: 2022
A11: 40-44 | B11: 70751 | C11: 2022
A12: 45-49 | B12: 63667 | C12: 2022
A13: 50-54 | B13: 53289 | C13: 2022
A14: 55-59 | B14: 47038 | C14: 2022
... A419: 100 y más | B419: 650 | C419: 2040

Sheet 54-MISIONES
A1: Edad | B1: Mujeres | C1: Año | E1: MENSTRUAN
A2: Total | B2: 661362 | C2: 2022 | E2: {=ROUND(SUMIFS($B:$B,$C:$C,2026,$A:$A,"10-14")/5*2,0)+SUM(SUMIFS($B:$B,$C:$C,2026,$A:$A,{"15-19";"20-24";"25-29";"30-34";"35-39";"40-44";"45-49"}))} -> 387989
A3: 0-4 | B3: 55405 | C3: 2022
A4: 5-9 | B4: 64131 | C4: 2022
A5: 10-14 | B5: 60878 | C5: 2022
A6: 15-19 | B6: 61254 | C6: 2022
A7: 20-24 | B7: 60139 | C7: 2022
A8: 25-29 | B8: 54549 | C8: 2022
A9: 30-34 | B9: 50056 | C9: 2022
A10: 35-39 | B10: 43386 | C10: 2022
A11: 40-44 | B11: 40496 | C11: 2022
A12: 45-49 | B12: 34793 | C12: 2022
A13: 50-54 | B13: 29377 | C13: 2022
A14: 55-59 | B14: 27463 | C14: 2022
... A419: 100 y más | B419: 187 | C419: 2040

Sheet 58-NEUQUÉN
A1: Edad | B1: Mujeres | C1: Año | E1: MENSTRUAN
A2: Total | B2: 347838 | C2: 2022 | E2: {=ROUND(SUMIFS($B:$B,$C:$C,2026,$A:$A,"10-14")/5*2,0)+SUM(SUMIFS($B:$B,$C:$C,2026,$A:$A,{"15-19";"20-24";"25-29";"30-34";"35-39";"40-44";"45-49"}))} -> 201050
A3: 0-4 | B3: 21895 | C3: 2022
A4: 5-9 | B4: 28661 | C4: 2022
A5: 10-14 | B5: 29310 | C5: 2022
A6: 15-19 | B6: 25260 | C6: 2022
A7: 20-24 | B7: 24197 | C7: 2022
A8: 25-29 | B8: 28077 | C8: 2022
A9: 30-34 | B9: 30132 | C9: 2022
A10: 35-39 | B10: 26759 | C10: 2022
A11: 40-44 | B11: 24551 | C11: 2022
A12: 45-49 | B12: 21978 | C12: 2022
A13: 50-54 | B13: 18783 | C13: 2022
A14: 55-59 | B14: 17164 | C14: 2022
... A419: 100 y más | B419: 181 | C419: 2040

Sheet 62-RÍO NEGRO
A1: Edad | B1: Mujeres | C1: Año | E1: MENSTRUAN
A2: Total | B2: 391821 | C2: 2022 | E2: {=ROUND(SUMIFS($B:$B,$C:$C,2026,$A:$A,"10-14")/5*2,0)+SUM(SUMIFS($B:$B,$C:$C,2026,$A:$A,{"15-19";"20-24";"25-29";"30-34";"35-39";"40-44";"45-49"}))} -> 221750
A3: 0-4 | B3: 23141 | C3: 2022
A4: 5-9 | B4: 30552 | C4: 2022
A5: 10-14 | B5: 30530 | C5: 2022
A6: 15-19 | B6: 27660 | C6: 2022
A7: 20-24 | B7: 28378 | C7: 2022
A8: 25-29 | B8: 30446 | C8: 2022
A9: 30-34 | B9: 32656 | C9: 2022
A10: 35-39 | B10: 30619 | C10: 2022
A11: 40-44 | B11: 28077 | C11: 2022
A12: 45-49 | B12: 24153 | C12: 2022
A13: 50-54 | B13: 20477 | C13: 2022
A14: 55-59 | B14: 19281 | C14: 2022
... A419: 100 y más | B419: 307 | C419: 2040

Sheet 66-SALTA
A1: Edad | B1: Mujeres | C1: Año | E1: MENSTRUAN
A2: Total | B2: 739056 | C2: 2022 | E2: {=ROUND(SUMIFS($B:$B,$C:$C,2026,$A:$A,"10-14")/5*2,0)+SUM(SUMIFS($B:$B,$C:$C,2026,$A:$A,{"15-19";"20-24";"25-29";"30-34";"35-39";"40-44";"45-49"}))} -> 433326
A3: 0-4 | B3: 53555 | C3: 2022
A4: 5-9 | B4: 67180 | C4: 2022
A5: 10-14 | B5: 65947 | C5: 2022
A6: 15-19 | B6: 62297 | C6: 2022
A7: 20-24 | B7: 64918 | C7: 2022
A8: 25-29 | B8: 62584 | C8: 2022
A9: 30-34 | B9: 57825 | C9: 2022
A10: 35-39 | B10: 51571 | C10: 2022
A11: 40-44 | B11: 49754 | C11: 2022
A12: 45-49 | B12: 43281 | C12: 2022
A13: 50-54 | B13: 34829 | C13: 2022
A14: 55-59 | B14: 30155 | C14: 2022
... A419: 100 y más | B419: 374 | C419: 2040

Sheet 70-SAN JUAN
A1: Edad | B1: Mujeres | C1: Año | E1: MENSTRUAN
A2: Total | B2: 423337 | C2: 2022 | E2: {=ROUND(SUMIFS($B:$B,$C:$C,2026,$A:$A,"10-14")/5*2,0)+SUM(SUMIFS($B:$B,$C:$C,2026,$A:$A,{"15-19";"20-24";"25-29";"30-34";"35-39";"40-44";"45-49"}))} -> 237431
A3: 0-4 | B3: 29513 | C3: 2022
A4: 5-9 | B4: 35980 | C4: 2022
A5: 10-14 | B5: 34881 | C5: 2022
A6: 15-19 | B6: 34230 | C6: 2022
A7: 20-24 | B7: 33360 | C7: 2022
A8: 25-29 | B8: 34635 | C8: 2022
A9: 30-34 | B9: 32363 | C9: 2022
A10: 35-39 | B10: 28062 | C10: 2022
A11: 40-44 | B11: 27950 | C11: 2022
A12: 45-49 | B12: 25916 | C12: 2022
A13: 50-54 | B13: 21406 | C13: 2022
A14: 55-59 | B14: 18065 | C14: 2022
... A419: 100 y más | B419: 209 | C419: 2040

Sheet 74-SAN LUIS
A1: Edad | B1: Mujeres | C1: Año | E1: MENSTRUAN
A2: Total | B2: 265205 | C2: 2022 | E2: {=ROUND(SUMIFS($B:$B,$C:$C,2026,$A:$A,"10-14")/5*2,0)+SUM(SUMIFS($B:$B,$C:$C,2026,$A:$A,{"15-19";"20-24";"25-29";"30-34";"35-39";"40-44";"45-49"}))} -> 153043
A3: 0-4 | B3: 16062 | C3: 2022
A4: 5-9 | B4: 20237 | C4: 2022
A5: 10-14 | B5: 21717 | C5: 2022
A6: 15-19 | B6: 22269 | C6: 2022
A7: 20-24 | B7: 21193 | C7: 2022
A8: 25-29 | B8: 20648 | C8: 2022
A9: 30-34 | B9: 20441 | C9: 2022
A10: 35-39 | B10: 18607 | C10: 2022
A11: 40-44 | B11: 19062 | C11: 2022
A12: 45-49 | B12: 16623 | C12: 2022
A13: 50-54 | B13: 13691 | C13: 2022
A14: 55-59 | B14: 12468 | C14: 2022
... A419: 100 y más | B419: 125 | C419: 2040

Sheet 78-SANTA CRUZ
A1: Edad | B1: Mujeres | C1: Año | E1: MENSTRUAN
A2: Total | B2: 163439 | C2: 2022 | E2: {=ROUND(SUMIFS($B:$B,$C:$C,2026,$A:$A,"10-14")/5*2,0)+SUM(SUMIFS($B:$B,$C:$C,2026,$A:$A,{"15-19";"20-24";"25-29";"30-34";"35-39";"40-44";"45-49"}))} -> 95899
A3: 0-4 | B3: 10996 | C3: 2022
A4: 5-9 | B4: 14554 | C4: 2022
A5: 10-14 | B5: 15130 | C5: 2022
A6: 15-19 | B6: 12937 | C6: 2022
A7: 20-24 | B7: 11205 | C7: 2022
A8: 25-29 | B8: 13449 | C8: 2022
A9: 30-34 | B9: 14220 | C9: 2022
A10: 35-39 | B10: 13235 | C10: 2022
A11: 40-44 | B11: 12783 | C11: 2022
A12: 45-49 | B12: 10453 | C12: 2022
A13: 50-54 | B13: 8490 | C13: 2022
A14: 55-59 | B14: 7311 | C14: 2022
... A419: 100 y más | B419: 57 | C419: 2040

Sheet 82-SANTA FE
A1: Edad | B1: Mujeres | C1: Año | E1: MENSTRUAN
A2: Total | B2: 1875463 | C2: 2022 | E2: {=ROUND(SUMIFS($B:$B,$C:$C,2026,$A:$A,"10-14")/5*2,0)+SUM(SUMIFS($B:$B,$C:$C,2026,$A:$A,{"15-19";"20-24";"25-29";"30-34";"35-39";"40-44";"45-49"}))} -> 1003813
A3: 0-4 | B3: 111706 | C3: 2022
A4: 5-9 | B4: 135853 | C4: 2022
A5: 10-14 | B5: 130069 | C5: 2022
A6: 15-19 | B6: 131609 | C6: 2022
A7: 20-24 | B7: 133716 | C7: 2022
A8: 25-29 | B8: 144109 | C8: 2022
A9: 30-34 | B9: 144825 | C9: 2022
A10: 35-39 | B10: 134875 | C10: 2022
A11: 40-44 | B11: 135836 | C11: 2022
A12: 45-49 | B12: 116031 | C12: 2022
A13: 50-54 | B13: 95851 | C13: 2022
A14: 55-59 | B14: 91189 | C14: 2022
... A419: 100 y más | B419: 1595 | C419: 2040

Sheet 86-SANTIAGO DEL ESTERO
A1: Edad | B1: Mujeres | C1: Año | E1: MENSTRUAN
A2: Total | B2: 520742 | C2: 2022 | E2: {=ROUND(SUMIFS($B:$B,$C:$C,2026,$A:$A,"10-14")/5*2,0)+SUM(SUMIFS($B:$B,$C:$C,2026,$A:$A,{"15-19";"20-24";"25-29";"30-34";"35-39";"40-44";"45-49"}))} -> 308565
A3: 0-4 | B3: 37437 | C3: 2022
A4: 5-9 | B4: 43280 | C4: 2022
A5: 10-14 | B5: 43884 | C5: 2022
A6: 15-19 | B6: 45956 | C6: 2022
A7: 20-24 | B7: 46377 | C7: 2022
A8: 25-29 | B8: 44398 | C8: 2022
A9: 30-34 | B9: 41597 | C9: 2022
A10: 35-39 | B10: 36943 | C10: 2022
A11: 40-44 | B11: 36320 | C11: 2022
A12: 45-49 | B12: 30578 | C12: 2022
A13: 50-54 | B13: 23407 | C13: 2022
A14: 55-59 | B14: 19902 | C14: 2022
... A419: 100 y más | B419: 320 | C419: 2040

Sheet 90-TUCUMÁN
A1: Edad | B1: Mujeres | C1: Año | E1: MENSTRUAN
A2: Total | B2: 890492 | C2: 2022 | E2: {=ROUND(SUMIFS($B:$B,$C:$C,2026,$A:$A,"10-14")/5*2,0)+SUM(SUMIFS($B:$B,$C:$C,2026,$A:$A,{"15-19";"20-24";"25-29";"30-34";"35-39";"40-44";"45-49"}))} -> 513035
A3: 0-4 | B3: 58729 | C3: 2022
A4: 5-9 | B4: 72178 | C4: 2022
A5: 10-14 | B5: 72047 | C5: 2022
A6: 15-19 | B6: 71690 | C6: 2022
A7: 20-24 | B7: 75857 | C7: 2022
A8: 25-29 | B8: 75090 | C8: 2022
A9: 30-34 | B9: 69755 | C9: 2022
A10: 35-39 | B10: 60526 | C10: 2022
A11: 40-44 | B11: 64947 | C11: 2022
A12: 45-49 | B12: 54601 | C12: 2022
A13: 50-54 | B13: 41902 | C13: 2022
A14: 55-59 | B14: 37580 | C14: 2022
... A419: 100 y más | B419: 420 | C419: 2040

Sheet 94-TIERRA DEL FUEGO
A1: Edad | B1: Mujeres | C1: Año | E1: MENSTRUAN
A2: Total | B2: 89020 | C2: 2022 | E2: {=ROUND(SUMIFS($B:$B,$C:$C,2026,$A:$A,"10-14")/5*2,0)+SUM(SUMIFS($B:$B,$C:$C,2026,$A:$A,{"15-19";"20-24";"25-29";"30-34";"35-39";"40-44";"45-49"}))} -> 54755
A3: 0-4 | B3: 5461 | C3: 2022
A4: 5-9 | B4: 7849 | C4: 2022
A5: 10-14 | B5: 7722 | C5: 2022
A6: 15-19 | B6: 6582 | C6: 2022
A7: 20-24 | B7: 6555 | C7: 2022
A8: 25-29 | B8: 7868 | C8: 2022
A9: 30-34 | B9: 8829 | C9: 2022
A10: 35-39 | B10: 7578 | C10: 2022
A11: 40-44 | B11: 6626 | C11: 2022
A12: 45-49 | B12: 5461 | C12: 2022
A13: 50-54 | B13: 4274 | C13: 2022
A14: 55-59 | B14: 4384 | C14: 2022
... A419: 100 y más | B419: 32 | C419: 2040
